{"cameraMode":{"drawMode":0,"name":"Shaded","section":"Shading Mode"},"sceneLighting":false,"audioPlay":false,"sceneViewState":{"m_AlwaysRefresh":false,"showFog":true,"showSkybox":false,"showFlares":true,"showImageEffects":true,"showParticleSystems":true,"showVisualEffectGraphs":true,"m_FxEnabled":true},"in2DMode":false,"pivot":{"x":0.00000286102294921875,"y":-0.0005546808242797852,"z":0.00014495849609375},"rotation":{"x":-0.16446928679943086,"y":-0.03671594336628914,"z":0.00615576421841979,"w":-0.985849916934967},"size":8.36834716796875,"orthographic":false}