{"cameraMode":{"drawMode":0,"name":"Shaded","section":"Shading Mode"},"sceneLighting":true,"audioPlay":false,"sceneViewState":{"m_AlwaysRefresh":false,"showFog":true,"showSkybox":false,"showFlares":true,"showImageEffects":true,"showParticleSystems":true,"showVisualEffectGraphs":true,"m_FxEnabled":true},"in2DMode":false,"pivot":{"x":-0.01074683666229248,"y":0.3892209529876709,"z":0.029353857040405275},"rotation":{"x":-0.2937008738517761,"y":-0.11588181555271149,"z":0.03577012941241264,"w":-0.9483734965324402},"size":4.80087947845459,"orthographic":false}