{"cameraMode":{"drawMode":0,"name":"Shaded","section":"Shading Mode"},"sceneLighting":false,"audioPlay":false,"sceneViewState":{"m_AlwaysRefresh":false,"showFog":true,"showSkybox":false,"showFlares":true,"showImageEffects":true,"showParticleSystems":true,"showVisualEffectGraphs":true,"m_FxEnabled":true},"in2DMode":false,"pivot":{"x":0.0952451229095459,"y":0.8382794857025147,"z":20.211252212524415},"rotation":{"x":-0.38733115792274477,"y":-0.02493828535079956,"z":0.010489564388990403,"w":-0.9217522740364075},"size":2.797271251678467,"orthographic":false}