{"cameraMode":{"drawMode":0,"name":"Shaded","section":"Shading Mode"},"sceneLighting":false,"audioPlay":false,"sceneViewState":{"m_AlwaysRefresh":false,"showFog":true,"showSkybox":false,"showFlares":true,"showImageEffects":true,"showParticleSystems":true,"showVisualEffectGraphs":true,"m_FxEnabled":true},"in2DMode":false,"pivot":{"x":0.06995201110839844,"y":-0.4788227081298828,"z":19.900108337402345},"rotation":{"x":-0.38733115792274477,"y":-0.02493828535079956,"z":0.010489564388990403,"w":-0.9217522740364075},"size":6.054590225219727,"orthographic":false}