{"cameraMode":{"drawMode":0,"name":"Shaded","section":"Shading Mode"},"sceneLighting":true,"audioPlay":false,"sceneViewState":{"m_AlwaysRefresh":false,"showFog":true,"showSkybox":false,"showFlares":true,"showImageEffects":true,"showParticleSystems":true,"showVisualEffectGraphs":true,"m_FxEnabled":true},"in2DMode":false,"pivot":{"x":-0.00043201446533203125,"y":0.03642082214355469,"z":2.260415554046631},"rotation":{"x":-0.38733115792274477,"y":-0.02493828535079956,"z":0.010489564388990403,"w":-0.9217522740364075},"size":10.932623863220215,"orthographic":false}