{"cameraMode":{"drawMode":0,"name":"Shaded","section":"Shading Mode"},"sceneLighting":false,"audioPlay":false,"sceneViewState":{"m_AlwaysRefresh":false,"showFog":true,"showSkybox":false,"showFlares":true,"showImageEffects":true,"showParticleSystems":true,"showVisualEffectGraphs":true,"m_FxEnabled":true},"in2DMode":false,"pivot":{"x":0.1200399398803711,"y":1.1837894916534424,"z":-0.2370591163635254},"rotation":{"x":-0.38733115792274477,"y":-0.02493828535079956,"z":0.010489564388990403,"w":-0.9217522740364075},"size":7.206195831298828,"orthographic":false}