{"cameraMode":{"drawMode":0,"name":"Shaded","section":"Shading Mode"},"sceneLighting":false,"audioPlay":false,"sceneViewState":{"m_AlwaysRefresh":false,"showFog":true,"showSkybox":false,"showFlares":true,"showImageEffects":true,"showParticleSystems":true,"showVisualEffectGraphs":true,"m_FxEnabled":true},"in2DMode":false,"pivot":{"x":0.055616140365600589,"y":-0.43372011184692385,"z":-0.3112003803253174},"rotation":{"x":-0.22543926537036897,"y":0.4159637987613678,"z":-0.1073361411690712,"w":-0.8746496438980103},"size":2.4073948860168459,"orthographic":false}